{
    "id": "e718a2c4-ea89-4abe-985d-7f4ec4762ba6",
    "charge": 0,
    "multiplicity": 1,
    "_pbc": null,
    "_cell": null,
    "atoms": [
        {
            "element_symbol": "H",
            "atomic_number": 1,
            "nuclear_charge": 1,
            "relative_isotopic_mass": 1.00782503223,
            "isotope_abundance": 99.9885,
            "nuclear_spin": 0.5,
            "H0": 0.08302982211229532,
            "multiplicity": 2,
            "nuclear_mass": 1.00782503223,
            "xyz_coordinates": [
                -3.517895480610291e-16,
                2.0992079720648596e-16,
                -0.021393771793953822
            ],
            "energy_gradients": [
                -1.5326682087576583e-17,
                -2.9817855511091155e-17,
                1.1787085877646617e-06
            ],
            "normal_modes": [
                [
                    1.7774396500516184e-16,
                    5.551115123125783e-16,
                    -0.7071067811865474
                ]
            ]
        },
        {
            "element_symbol": "H",
            "atomic_number": 1,
            "nuclear_charge": 1,
            "relative_isotopic_mass": 1.00782503223,
            "isotope_abundance": 99.9885,
            "nuclear_spin": 0.5,
            "H0": 0.08302982211229532,
            "multiplicity": 2,
            "nuclear_mass": 1.00782503223,
            "xyz_coordinates": [
                -5.385025123126437e-16,
                -5.690612526680671e-16,
                0.7213937718164515
            ],
            "energy_gradients": [
                -1.936249797232765e-17,
                -1.8609659319764075e-17,
                -1.1787085877646617e-06
            ],
            "normal_modes": [
                [
                    -1.3814874857858532e-16,
                    -7.546744664778233e-16,
                    0.7071067811865476
                ]
            ]
        }
    ],
    "electronic_states": [],
    "energy": -1.1754824094989744,
    "hessian": [
        [
            -1.2388619207237122e-06,
            -2.048460305725976e-18,
            -3.4613622751033963e-16,
            1.680705708312556e-06,
            3.3092327197348682e-18,
            3.6139715097229225e-16
        ],
        [
            -2.0561397814305227e-18,
            -1.2388619207237122e-06,
            -1.4506224398504515e-15,
            -4.7474898004938e-18,
            1.680705708312556e-06,
            1.4018656917052956e-15
        ],
        [
            -3.434016879645197e-16,
            -1.4530944150048437e-15,
            1.350440785439777,
            3.307396361617371e-16,
            1.3715800023964136e-15,
            -1.3504410331674035
        ],
        [
            1.680705708312556e-06,
            -4.7474898004938e-18,
            3.307396361617371e-16,
            -1.2388619227060514e-06,
            -1.657553823256236e-17,
            -3.490404204281924e-16
        ],
        [
            3.3092327197348682e-18,
            1.680705708312556e-06,
            1.3715800023964136e-15,
            -1.549630269925785e-17,
            -1.2388619227060514e-06,
            -1.4240758009569524e-15
        ],
        [
            3.6139715097229225e-16,
            1.4018656917052956e-15,
            -1.3504410331674035,
            -3.437464461514497e-16,
            -1.4215317289549077e-15,
            1.3504407854397777
        ]
    ],
    "frequencies": [
        4452.746126078997
    ],
    "force_constants": [
        11.775155045212609
    ],
    "reduced_masses": [
        1.008
    ],
    "ZPE": 0.010144102084705132,
    "U0": -1.1653383074142694,
    "H0": -1.1653383074142694,
    "U": -1.162977846014506,
    "H": -1.1620336614583797,
    "G": -1.1768259898988225,
    "S": 4.961371269643693e-05
}